ID,name,email,address
1,Alex,alexgmail@,Road1
2,Aris,arisgmail,Road2
3,Tonia,toniagmail,Road3
4,Aggelos,aggelosgmail,Road4
5,Eleni,elenigmail,Road5
6,Panos,panosgmail,Road6